{
  "generatedAt": "2026-06-29T12:24:00.036593+00:00",
  "modelArtifactSha256": "fb89083281ccfa4a3688514b4bf305949005aa1cf84abcebdac6e31e5ea4b4a4",
  "officialForecasts": 54,
  "registeredBenchmarks": 54,
  "settlements": 28,
  "unsettled": 26,
  "latestAssets": 26,
  "latestWeatherCounts": {
    "storm": 9,
    "normal": 8,
    "strong": 7,
    "quiet": 2
  },
  "performance": {
    "settled": 28,
    "rangeMae": 0.49315687947655906,
    "coverage50": 0.5,
    "coverage80": 0.8571428571428571,
    "tailBrierExperimental": 0.08493737555964934,
    "atrBaselineMae": 0.746320727692054,
    "lastRangeBaselineMae": 0.6388879285714284
  },
  "chainHeads": {
    "forecast": "04674d74d3d5e9f9b772f2829a958022ce301404b3f0ece382bbbe90d4e162c0",
    "benchmark": "fd0771b96e52de16077f83ea74d1012bf7b950e2249dcb55c56c868da770f403",
    "settlement": "b0f752a5331c9a6ff7d5afc2a30e55986a7003293ee57c65fa5c2d2ff6a36aeb"
  }
}